"id","under_rate","test1_auc","test1_acc","test1_sens","test1_spec","test1_Top10Lift","test1_Top20Lift","test1_Top30Lift","test1_Top40Lift","test1_Top50Lift","train1_auc","train1_acc","train1_sens","train1_spec","train1_Top10Lift","train1_Top20Lift","train1_Top30Lift","train1_Top40Lift","train1_Top50Lift"
"p_o_1",0.5,0.735692598738905,0.67545,0.703398857364191,0.645611495916468,1.80088907267652,1.69802543161377,1.66580516213515,1.52408766670113,1.29122299183294,0.697707739535472,0.6399875,0.651673406604312,0.628120827349911,1.68208995956037,1.51313667601161,1.40877101578717,1.33959361897437,1.27863646513013
"u_1_1",0.5,0.738715130702108,0.68755,0.726832574803912,0.645611495916468,1.80088907267652,1.69802543161377,1.66580516213515,1.52408766670113,1.29122299183294,0.697601450149421,0.6397875,0.64432976902275,0.635174967878467,1.6798570967822,1.51512144292555,1.40926720751565,1.33928349914407,1.27689979408043
"u_1_2",0.5,0.73522257614845,0.6769,0.706207030115232,0.645611495916468,1.80088907267652,1.69802543161377,1.59343878148799,1.56363072469761,1.29122299183294,0.697662568124609,0.6398125,0.644453816954871,0.635099387801376,1.68308234301734,1.5148733470613,1.40943260475848,1.33990373880467,1.27784255836455
"u_1_3",0.5,0.739293328963728,0.68755,0.726832574803912,0.645611495916468,1.80088907267652,1.69802543161377,1.67235259657466,1.56363072469761,1.29122299183294,0.697565910555932,0.6399125,0.640856426923363,0.638953971733051,1.68258615128886,1.51338477187585,1.40943260475848,1.33884933138165,1.27729674746322
"u_1_4",0.5,0.74138957045379,0.68755,0.726832574803912,0.645611495916468,1.80088907267652,1.69802543161377,1.59343878148799,1.52408766670113,1.29122299183294,0.697633202019786,0.6401625,0.643833577294266,0.636434635829995,1.68208995956037,1.51301262807949,1.40877101578717,1.33847718758528,1.27769370084601
"u_1_5",0.5,0.730942619633748,0.68755,0.726832574803912,0.645611495916468,1.80088907267652,1.69802543161377,1.66580516213515,1.50315310658534,1.29122299183294,0.697513484342733,0.6400125,0.643387004738631,0.636585795984179,1.68010519264644,1.51239238841889,1.40786133095161,1.33779492395862,1.27804103505595
"u_1_6",0.5,0.748909461397978,0.68755,0.726832574803912,0.645611495916468,1.80088907267652,1.69802543161377,1.67062958751163,1.52408766670113,1.29122299183294,0.697685023197346,0.63995,0.642419430868087,0.637442370191218,1.68084948023916,1.51251643635101,1.40992879648696,1.34052397846528,1.27828913092019
"u_1_7",0.5,0.736402447773379,0.68755,0.726832574803912,0.645611495916468,1.80088907267652,1.69802543161377,1.66580516213515,1.52408766670113,1.29122299183294,0.69737930831401,0.6396,0.641377428238271,0.637795077217645,1.68233805542462,1.51214429255464,1.40910181027282,1.33779492395862,1.27689979408043
"u_1_8",0.5,0.727494722832177,0.6769,0.706207030115232,0.645611495916468,1.80088907267652,1.69802543161377,1.66580516213515,1.52408766670113,1.29122299183294,0.697594767255763,0.6401,0.645396581238991,0.634721487415917,1.68084948023916,1.51412905946858,1.40736513922313,1.33940754707619,1.27818989257449
"u_1_9",0.5,0.740168184437938,0.68755,0.726832574803912,0.645611495916468,1.80088907267652,1.69802543161377,1.66580516213515,1.52408766670113,1.29122299183294,0.697483815720086,0.63965,0.640087329744213,0.639205905323357,1.68308234301734,1.51214429255464,1.40802672819444,1.33946957104225,1.27764408167316
"u_1_10",0.5,0.731454296764988,0.68755,0.726832574803912,0.645611495916468,1.80088907267652,1.69802543161377,1.66580516213515,1.52408766670113,1.29122299183294,0.697445554091265,0.639875,0.640856426923363,0.638878391655959,1.68333043888158,1.51226834048676,1.41050768683686,1.33977969087255,1.27764408167316
"u_1_11",0.5,0.735140188051682,0.68755,0.726832574803912,0.645611495916468,1.80088907267652,1.69802543161377,1.75057720803611,1.52408766670113,1.29122299183294,0.697588418131764,0.6399875,0.643535862257176,0.636384249111934,1.68233805542462,1.51462525119706,1.40910181027282,1.33971766690649,1.27804103505595
"u_1_12",0.5,0.73682150586801,0.6769,0.706207030115232,0.645611495916468,1.80088907267652,1.69802543161377,1.75057720803611,1.52408766670113,1.29122299183294,0.697443411465056,0.64,0.641501476170392,0.638475297911471,1.68208995956037,1.51065571736919,1.40695164611606,1.33853921155134,1.27804103505595
"u_1_13",0.5,0.734347220139022,0.68755,0.726832574803912,0.645611495916468,1.80088907267652,1.69802543161377,1.75057720803611,1.52408766670113,1.29122299183294,0.697561680931795,0.639825,0.643114099287965,0.636485022548056,1.68258615128886,1.5112759570298,1.40893641302999,1.33946957104225,1.27794179671025
"u_1_14",0.5,0.729415466664349,0.6657,0.703398857364191,0.625452289879045,1.80088907267652,1.69802543161377,1.66580516213515,1.52408766670113,1.25090457975809,0.697326290815992,0.6396375,0.642469050040936,0.636762149497393,1.68258615128886,1.51276453221525,1.40728244060172,1.33816706775498,1.27744560498176
"u_1_15",0.5,0.740680261997351,0.68755,0.726832574803912,0.645611495916468,1.80088907267652,1.69802543161377,1.67235259657466,1.52408766670113,1.29122299183294,0.697735859941921,0.64035,0.644999627856204,0.635628448341017,1.68208995956037,1.51202024462252,1.4083575226801,1.33965564294043,1.27863646513013
"u_1_16",0.5,0.735044625867994,0.68755,0.726832574803912,0.645611495916468,1.80088907267652,1.69802543161377,1.67062958751163,1.52408766670113,1.29122299183294,0.69764338824481,0.6401875,0.641749572034634,0.638601264706623,1.68109757610341,1.51326072394373,1.41059038545827,1.34002778673679,1.27818989257449
"u_1_17",0.5,0.741595971155997,0.68755,0.726832574803912,0.645611495916468,1.80088907267652,1.69802543161377,1.67683242013853,1.52408766670113,1.29122299183294,0.697567548152406,0.6401875,0.64018656808991,0.640188446325549,1.68233805542462,1.51276453221525,1.4083575226801,1.33909742724589,1.27804103505595
"u_1_18",0.5,0.7323379116055,0.67545,0.703398857364191,0.645611495916468,1.80088907267652,1.69802543161377,1.66580516213515,1.52408766670113,1.29122299183294,0.697323308140292,0.639825,0.641997667898876,0.637618723704432,1.6828342471531,1.51251643635101,1.40943260475848,1.33816706775498,1.27685017490758
"u_1_19",0.5,0.744259339068673,0.68755,0.726832574803912,0.645611495916468,1.80088907267652,1.69802543161377,1.75057720803611,1.52408766670113,1.29122299183294,0.697635975308143,0.6398125,0.64586796338105,0.633663366336634,1.68258615128886,1.51363286774009,1.40918450889424,1.33971766690649,1.27714788994467
"u_1_20",0.5,0.73860259036385,0.68755,0.726832574803912,0.645611495916468,1.80088907267652,1.69802543161377,1.67683242013853,1.52408766670113,1.29122299183294,0.697610559436025,0.6399625,0.641997667898876,0.637895850653768,1.68134567196765,1.5118961966904,1.40786133095161,1.33897337931377,1.27749522415461
"p_1",0.5,0.736198579779372,0.68755,0.726832574803912,0.645611495916468,1.80088907267652,1.69802543161377,1.66580516213515,1.52408766670113,1.29122299183294,0.697685891373487,0.6402,0.64296524176942,0.637391983473157,1.68233805542462,1.51388096360434,1.40827482405868,1.33971766690649,1.27888456099437
